Rk,Player,Age,G,GS,MP,FG,FGA,FG%,3P,3PA,3P%,2P,2PA,2P%,eFG%,FT,FTA,FT%,ORB,DRB,TRB,AST,STL,BLK,TOV,PF,PTS,year
1,Dwyane Wade,28,77,77,36.3,9.3,19.6,0.476,0.9,3.2,0.3,8.4,16.5,0.509,0.5,6.9,9.1,0.761,1.4,3.5,4.8,6.5,1.8,1.1,3.3,2.4,26.6,2010
2,Michael Beasley,21,78,78,29.8,6.0,13.3,0.45,0.4,1.3,0.275,5.6,12.0,0.469,0.463,2.5,3.1,0.8,1.6,4.8,6.4,1.3,1.0,0.6,1.7,2.8,14.8,2010
3,Jermaine O'Neal,31,70,70,28.4,5.6,10.6,0.529,0.0,0.0,0.0,5.6,10.6,0.53,0.529,2.3,3.2,0.72,1.8,5.2,6.9,1.3,0.4,1.4,1.8,3.0,13.6,2010
4,Udonis Haslem,29,78,0,27.9,4.0,8.1,0.494,0.0,0.0,,4.0,8.1,0.494,0.494,1.9,2.5,0.762,2.1,5.9,8.1,0.7,0.4,0.3,1.0,2.2,9.9,2010
5,Quentin Richardson,29,76,75,27.4,3.2,7.4,0.431,1.9,4.7,0.397,1.3,2.7,0.493,0.558,0.7,0.9,0.732,0.8,4.1,4.9,1.2,0.9,0.2,0.8,2.2,8.9,2010
6,Rafer Alston,33,25,25,26.2,2.4,6.8,0.355,1.2,3.2,0.37,1.2,3.5,0.341,0.444,0.6,1.1,0.556,0.2,2.0,2.2,2.9,0.9,0.2,1.4,2.1,6.6,2010
7,Mario Chalmers,23,73,22,24.8,2.5,6.2,0.401,1.0,3.2,0.318,1.5,3.0,0.491,0.483,1.1,1.5,0.745,0.3,1.5,1.8,3.4,1.2,0.2,1.7,2.4,7.1,2010
8,Carlos Arroyo,30,72,35,22.0,2.5,5.2,0.475,0.1,0.3,0.28,2.4,4.9,0.489,0.484,1.1,1.3,0.844,0.4,1.4,1.8,3.1,0.5,0.1,0.8,1.4,6.1,2010
9,Dorell Wright,24,72,1,20.8,2.7,5.8,0.463,0.8,2.2,0.389,1.8,3.6,0.508,0.536,0.8,1.0,0.884,0.7,2.6,3.3,1.3,0.7,0.4,0.7,1.3,7.1,2010
10,Joel Anthony,27,80,16,16.5,1.0,2.0,0.478,0.0,0.0,,1.0,2.0,0.478,0.478,0.8,1.2,0.717,1.5,1.6,3.1,0.2,0.3,1.4,0.6,2.0,2.7,2010
11,Shavlik Randolph,26,3,0,15.7,1.7,5.0,0.333,0.0,0.0,,1.7,5.0,0.333,0.333,0.0,0.0,,2.3,2.0,4.3,0.0,0.3,0.3,0.7,3.0,3.3,2010
12,Daequan Cook,22,45,3,15.4,1.8,5.6,0.32,0.9,2.8,0.317,0.9,2.8,0.323,0.399,0.5,0.6,0.84,0.2,1.6,1.8,1.0,0.3,0.2,0.5,1.1,5.0,2010
13,James Jones,29,36,6,14.0,1.2,3.3,0.361,1.0,2.5,0.411,0.2,0.8,0.207,0.517,0.6,0.8,0.821,0.1,1.1,1.3,0.5,0.3,0.1,0.3,1.3,4.1,2010
14,Jamaal Magloire,31,36,0,10.0,0.8,1.6,0.5,0.0,0.0,,0.8,1.6,0.5,0.5,0.6,1.6,0.356,1.1,2.2,3.4,0.0,0.3,0.3,0.5,1.6,2.1,2010
15,Yakhouba Diawara,27,6,2,7.3,0.3,1.7,0.2,0.2,1.0,0.167,0.2,0.7,0.25,0.25,0.0,0.0,,0.2,0.5,0.7,0.5,0.2,0.0,0.5,1.3,0.8,2010
1,LeBron James,26,79,79,38.8,9.6,18.8,0.51,1.2,3.5,0.33,8.4,15.3,0.552,0.541,6.4,8.4,0.759,1.0,6.5,7.5,7.0,1.6,0.6,3.6,2.1,26.7,2011
2,Dwyane Wade,29,76,76,37.1,9.1,18.2,0.5,0.8,2.7,0.306,8.3,15.5,0.534,0.523,6.5,8.6,0.758,1.6,4.8,6.4,4.6,1.5,1.1,3.1,2.6,25.5,2011
3,Chris Bosh,26,77,77,36.3,6.8,13.7,0.496,0.1,0.3,0.24,6.7,13.4,0.502,0.499,5.0,6.1,0.815,1.8,6.5,8.3,1.9,0.8,0.6,1.8,2.2,18.7,2011
4,Mike Bibby,32,22,12,26.5,2.5,5.7,0.437,1.8,4.0,0.455,0.7,1.7,0.395,0.595,0.5,0.7,0.625,0.1,2.1,2.2,2.5,0.5,0.1,1.5,2.1,7.3,2011
5,Udonis Haslem,30,13,0,26.5,3.4,6.6,0.512,0.0,0.0,,3.4,6.6,0.512,0.512,1.2,1.5,0.8,2.2,5.9,8.2,0.5,0.5,0.2,1.1,3.0,8.0,2011
6,Mario Chalmers,24,70,28,22.6,2.2,5.5,0.399,1.2,3.3,0.359,1.0,2.2,0.459,0.506,0.8,0.9,0.871,0.2,1.9,2.1,2.5,1.1,0.1,1.3,2.3,6.4,2011
7,Mike Miller,30,41,2,20.4,2.0,4.9,0.401,1.0,2.9,0.364,0.9,2.0,0.452,0.507,0.6,0.8,0.676,0.9,3.6,4.5,1.2,0.5,0.0,1.0,2.1,5.6,2011
8,Carlos Arroyo,31,49,42,20.3,2.2,4.9,0.458,0.6,1.3,0.438,1.7,3.6,0.466,0.517,0.6,0.7,0.8,0.3,1.4,1.6,2.0,0.3,0.0,0.9,1.2,5.6,2011
9,Joel Anthony,28,75,11,19.5,0.7,1.3,0.535,0.0,0.0,,0.7,1.3,0.535,0.535,0.6,1.0,0.644,1.4,2.2,3.5,0.3,0.1,1.2,0.5,2.6,2.0,2011
10,James Jones,30,81,8,19.1,1.8,4.3,0.422,1.5,3.5,0.429,0.3,0.7,0.39,0.6,0.7,0.9,0.833,0.3,1.7,2.0,0.5,0.4,0.2,0.3,1.6,5.9,2011
11,Eddie House,32,56,1,17.5,2.3,5.7,0.399,1.2,3.1,0.389,1.1,2.6,0.411,0.505,0.7,0.7,0.95,0.2,1.5,1.6,1.1,0.6,0.1,0.5,1.2,6.5,2011
12,Erick Dampier,35,51,22,16.0,1.0,1.7,0.584,0.0,0.0,0.0,1.0,1.7,0.591,0.584,0.5,0.9,0.545,1.0,2.4,3.5,0.4,0.3,0.9,0.6,1.6,2.5,2011
13,Zydrunas Ilgauskas,35,72,51,15.9,2.3,4.4,0.508,0.0,0.0,0.0,2.3,4.4,0.509,0.508,0.5,0.6,0.783,1.5,2.5,4.0,0.4,0.3,0.8,0.7,2.6,5.0,2011
14,Juwan Howard,37,57,0,10.4,1.0,2.2,0.44,0.0,0.0,,1.0,2.2,0.44,0.44,0.5,0.6,0.829,0.6,1.5,2.1,0.4,0.2,0.1,0.4,1.1,2.4,2011
15,Jamaal Magloire,32,18,0,8.8,0.7,1.2,0.591,0.0,0.0,,0.7,1.2,0.591,0.591,0.5,1.0,0.5,0.9,2.4,3.4,0.2,0.2,0.1,0.3,1.4,1.9,2011
16,Jerry Stackhouse,36,7,1,7.1,0.4,1.7,0.25,0.1,0.6,0.25,0.3,1.1,0.25,0.292,0.7,1.0,0.714,0.1,0.9,1.0,0.4,0.0,0.3,0.3,0.4,1.7,2011
17,Dexter Pittman,22,2,0,5.5,0.5,1.5,0.333,0.0,0.0,,0.5,1.5,0.333,0.333,0.0,0.0,,0.5,1.0,1.5,0.0,0.0,0.0,1.0,1.0,1.0,2011
1,LeBron James,27,62,62,37.5,10.0,18.9,0.531,0.9,2.4,0.362,9.1,16.5,0.556,0.554,6.2,8.1,0.771,1.5,6.4,7.9,6.2,1.9,0.8,3.4,1.5,27.1,2012
2,Chris Bosh,27,57,57,35.2,6.9,14.2,0.487,0.2,0.6,0.286,6.7,13.5,0.496,0.493,4.0,4.9,0.821,1.6,6.3,7.9,1.8,0.9,0.8,2.1,2.2,18.0,2012
3,Dwyane Wade,30,49,49,33.2,8.5,17.1,0.497,0.3,1.1,0.268,8.2,15.9,0.513,0.506,4.8,6.1,0.791,1.5,3.3,4.8,4.6,1.7,1.3,2.6,2.2,22.1,2012
4,Mario Chalmers,25,64,64,28.5,3.5,7.8,0.448,1.6,4.1,0.388,1.9,3.7,0.513,0.549,1.3,1.6,0.792,0.3,2.4,2.7,3.5,1.5,0.2,2.2,2.6,9.8,2012
5,Udonis Haslem,31,64,10,24.8,2.4,5.6,0.423,0.0,0.0,,2.4,5.6,0.423,0.423,1.3,1.6,0.814,1.8,5.5,7.3,0.7,0.5,0.4,0.9,2.2,6.0,2012
6,Shane Battier,33,65,10,23.1,1.7,4.5,0.387,1.0,2.8,0.339,0.8,1.7,0.468,0.493,0.4,0.6,0.622,0.9,1.5,2.4,1.3,1.0,0.5,0.6,1.6,4.8,2012
7,Joel Anthony,29,64,51,21.1,1.3,2.4,0.559,0.0,0.0,,1.3,2.4,0.559,0.559,0.8,1.1,0.69,1.6,2.3,3.9,0.1,0.6,1.3,0.7,2.0,3.4,2012
8,Norris Cole,23,65,2,19.4,2.7,6.9,0.393,0.3,1.2,0.276,2.4,5.8,0.417,0.417,1.0,1.3,0.776,0.3,1.1,1.4,2.0,0.7,0.0,1.6,1.9,6.8,2012
9,Mike Miller,31,39,2,19.3,2.3,5.4,0.435,1.4,3.0,0.453,1.0,2.4,0.413,0.562,0.1,0.1,0.4,0.6,2.7,3.3,1.1,0.4,0.2,0.8,1.5,6.1,2012
10,Ronny Turiaf,29,13,5,17.0,1.2,2.3,0.533,0.0,0.1,0.0,1.2,2.2,0.552,0.533,1.0,1.7,0.591,1.5,3.0,4.5,0.4,0.6,1.1,0.6,2.5,3.5,2012
11,Terrel Harris,24,22,1,14.5,1.3,3.8,0.349,0.4,1.8,0.205,1.0,2.0,0.477,0.398,0.6,1.0,0.667,0.8,1.5,2.3,1.2,0.4,0.1,1.1,1.5,3.6,2012
12,James Jones,31,51,10,13.1,1.1,2.9,0.38,0.9,2.2,0.404,0.2,0.7,0.306,0.533,0.5,0.6,0.833,0.1,0.8,1.0,0.4,0.3,0.2,0.2,0.9,3.6,2012
13,Dexter Pittman,23,35,6,8.6,1.3,2.7,0.468,0.0,0.0,,1.3,2.7,0.468,0.468,0.5,0.8,0.643,0.8,1.3,2.0,0.3,0.2,0.2,0.5,2.1,3.0,2012
14,Juwan Howard,38,28,0,6.8,0.6,2.0,0.309,0.0,0.0,,0.6,2.0,0.309,0.309,0.3,0.4,0.8,0.6,1.0,1.7,0.4,0.1,0.0,0.7,0.6,1.5,2012
15,Eddy Curry,29,14,1,5.9,0.9,1.9,0.462,0.0,0.0,,0.9,1.9,0.462,0.462,0.4,0.6,0.75,0.3,0.6,0.9,0.1,0.0,0.1,0.7,1.2,2.1,2012
16,Mickell Gladness,25,8,0,3.5,0.1,0.4,0.333,0.0,0.0,,0.1,0.4,0.333,0.333,0.0,0.0,,0.1,1.3,1.4,0.3,0.1,0.1,0.4,1.0,0.3,2012
1,LeBron James,28,76,76,37.9,10.1,17.8,0.565,1.4,3.3,0.406,8.7,14.5,0.602,0.603,5.3,7.0,0.753,1.3,6.8,8.0,7.3,1.7,0.9,3.0,1.4,26.8,2013
2,Dwyane Wade,31,69,69,34.7,8.2,15.8,0.521,0.2,1.0,0.258,8.0,14.9,0.537,0.528,4.5,6.2,0.725,1.2,3.7,5.0,5.1,1.9,0.8,2.8,2.0,21.2,2013
3,Chris Bosh,28,74,74,33.2,6.6,12.3,0.535,0.3,1.0,0.284,6.3,11.3,0.557,0.546,3.3,4.1,0.798,1.8,5.0,6.8,1.7,0.9,1.4,1.7,2.3,16.6,2013
4,Mario Chalmers,26,77,77,26.9,2.9,6.9,0.429,1.6,3.9,0.409,1.4,3.0,0.456,0.545,1.2,1.5,0.795,0.2,2.0,2.2,3.5,1.5,0.2,1.5,2.5,8.6,2013
5,Ray Allen,37,79,0,25.8,3.7,8.2,0.449,1.8,4.2,0.419,1.9,4.0,0.48,0.555,1.8,2.0,0.886,0.5,2.2,2.7,1.7,0.8,0.2,1.3,1.6,10.9,2013
6,Shane Battier,34,72,20,24.8,2.1,5.0,0.42,1.9,4.4,0.43,0.2,0.6,0.348,0.608,0.4,0.5,0.842,0.5,1.8,2.3,1.0,0.6,0.8,0.5,2.1,6.6,2013
7,Norris Cole,24,80,4,19.9,2.2,5.3,0.421,0.4,1.2,0.357,1.8,4.1,0.44,0.462,0.7,1.0,0.65,0.2,1.4,1.6,2.1,0.7,0.1,1.3,1.9,5.6,2013
8,Udonis Haslem,32,75,59,18.9,1.7,3.3,0.514,0.0,0.0,,1.7,3.3,0.514,0.514,0.4,0.6,0.711,1.3,4.1,5.4,0.5,0.4,0.2,0.6,2.3,3.9,2013
9,Mike Miller,32,59,17,15.3,1.7,3.9,0.433,1.2,3.0,0.417,0.5,0.9,0.482,0.591,0.1,0.2,0.727,0.3,2.4,2.7,1.7,0.4,0.1,0.6,1.1,4.8,2013
10,Chris Andersen,34,42,0,14.9,1.7,2.9,0.577,0.0,0.1,0.667,1.6,2.9,0.575,0.585,1.5,2.2,0.677,1.4,2.7,4.1,0.4,0.4,1.0,0.6,2.1,4.9,2013
11,Rashard Lewis,33,55,9,14.4,1.9,4.5,0.414,0.9,2.4,0.389,0.9,2.1,0.441,0.516,0.5,0.8,0.622,0.3,1.9,2.2,0.5,0.4,0.3,0.6,1.2,5.2,2013
12,Joel Anthony,30,62,3,9.1,0.6,1.1,0.515,0.0,0.0,,0.6,1.1,0.515,0.515,0.3,0.5,0.607,0.7,1.1,1.9,0.2,0.2,0.7,0.4,0.8,1.4,2013
13,Juwan Howard,39,7,2,7.3,1.4,2.7,0.526,0.0,0.0,,1.4,2.7,0.526,0.526,0.1,0.1,1.0,0.0,1.1,1.1,0.9,0.0,0.0,0.6,1.3,3.0,2013
14,James Jones,32,38,0,5.8,0.6,1.6,0.344,0.4,1.4,0.302,0.1,0.2,0.625,0.475,0.1,0.1,0.5,0.0,0.6,0.6,0.3,0.1,0.2,0.1,0.4,1.6,2013
15,Josh Harrellson,23,6,0,5.2,0.7,1.5,0.444,0.2,0.8,0.2,0.5,0.7,0.75,0.5,0.2,0.3,0.5,0.5,0.7,1.2,0.0,0.2,0.2,0.5,0.7,1.7,2013
16,Jarvis Varnado,24,8,0,5.0,0.1,0.4,0.333,0.0,0.0,,0.1,0.4,0.333,0.333,0.0,0.0,,0.1,0.6,0.8,0.3,0.0,0.3,0.6,1.1,0.3,2013
17,Terrel Harris,25,7,0,4.1,0.3,1.1,0.25,0.0,0.1,0.0,0.3,1.0,0.286,0.25,0.9,1.1,0.75,0.6,0.7,1.3,0.3,0.0,0.0,0.6,0.4,1.4,2013
18,Dexter Pittman,24,4,0,3.0,0.8,1.3,0.6,0.0,0.0,,0.8,1.3,0.6,0.6,0.0,0.0,,1.0,0.8,1.8,0.0,0.0,0.0,0.5,1.0,1.5,2013
1,LeBron James,29,77,77,37.7,10.0,17.6,0.567,1.5,4.0,0.379,8.5,13.6,0.622,0.61,5.7,7.6,0.75,1.1,5.9,6.9,6.3,1.6,0.3,3.5,1.6,27.1,2014
2,Dwyane Wade,32,54,53,32.9,7.7,14.1,0.545,0.2,0.6,0.281,7.5,13.5,0.557,0.551,3.5,4.8,0.733,1.1,3.4,4.5,4.7,1.5,0.5,3.0,2.0,19.0,2014
3,Chris Bosh,29,79,79,32.0,6.2,12.1,0.516,0.9,2.8,0.339,5.3,9.3,0.569,0.555,2.8,3.4,0.82,1.2,5.4,6.6,1.1,1.0,1.0,1.6,2.4,16.2,2014
4,Mario Chalmers,27,73,73,29.8,3.5,7.7,0.454,1.2,3.1,0.385,2.3,4.6,0.5,0.531,1.7,2.2,0.742,0.6,2.4,2.9,4.9,1.6,0.2,2.2,2.9,9.8,2014
5,Ray Allen,38,73,9,26.5,3.3,7.4,0.442,1.6,4.2,0.375,1.7,3.2,0.53,0.549,1.4,1.6,0.905,0.3,2.5,2.8,2.0,0.7,0.1,1.2,1.6,9.6,2014
6,Norris Cole,25,82,6,24.6,2.5,6.1,0.414,0.7,2.1,0.345,1.8,4.0,0.451,0.474,0.6,0.8,0.779,0.2,1.7,2.0,3.0,0.9,0.1,1.5,1.9,6.4,2014
7,Shane Battier,35,73,56,20.1,1.4,3.8,0.382,1.0,2.9,0.348,0.4,0.9,0.492,0.515,0.2,0.3,0.652,0.5,1.4,1.9,0.9,0.7,0.5,0.3,1.7,4.1,2014
8,Chris Andersen,35,72,0,19.4,2.5,3.8,0.644,0.0,0.2,0.25,2.4,3.7,0.662,0.649,1.7,2.3,0.71,1.8,3.5,5.3,0.3,0.4,1.3,0.7,2.3,6.6,2014
9,Rashard Lewis,34,60,6,16.2,1.6,3.9,0.415,0.8,2.2,0.343,0.9,1.7,0.51,0.513,0.4,0.6,0.788,0.4,1.4,1.8,1.0,0.9,0.1,0.6,1.5,4.5,2014
10,Toney Douglas,27,27,17,15.2,1.5,3.9,0.394,0.4,1.6,0.279,1.1,2.3,0.475,0.452,0.7,1.0,0.769,0.5,1.7,2.3,1.8,0.5,0.1,0.7,1.7,4.2,2014
11,Michael Beasley,25,55,2,15.1,3.2,6.5,0.499,0.4,1.0,0.389,2.8,5.5,0.518,0.528,1.1,1.4,0.772,0.6,2.6,3.1,0.8,0.4,0.4,1.0,1.7,7.9,2014
12,Udonis Haslem,33,46,18,14.2,1.6,3.2,0.507,0.0,0.0,,1.6,3.2,0.507,0.507,0.5,1.0,0.568,0.9,2.9,3.8,0.3,0.2,0.3,0.5,1.7,3.8,2014
13,James Jones,33,20,6,11.8,1.6,3.4,0.456,1.4,2.7,0.519,0.2,0.7,0.214,0.662,0.4,0.6,0.636,0.1,1.1,1.2,0.5,0.2,0.2,0.2,0.3,4.9,2014
14,Roger Mason,33,25,2,10.4,1.0,2.7,0.373,0.7,1.9,0.354,0.3,0.8,0.421,0.5,0.3,0.3,1.0,0.0,0.8,0.9,0.8,0.2,0.0,0.4,1.0,3.0,2014
15,Justin Hamilton,23,7,0,9.7,1.3,2.9,0.45,0.4,1.3,0.333,0.9,1.6,0.545,0.525,0.7,0.7,1.0,0.6,0.4,1.0,0.0,0.6,0.0,0.4,1.1,3.7,2014
16,Greg Oden,26,23,6,9.2,1.2,2.1,0.551,0.0,0.0,,1.2,2.1,0.551,0.551,0.6,1.0,0.565,1.0,1.3,2.3,0.0,0.3,0.6,0.5,2.3,2.9,2014
17,Joel Anthony,31,12,0,3.1,0.2,0.5,0.333,0.0,0.0,,0.2,0.5,0.333,0.333,0.2,0.2,1.0,0.2,0.4,0.6,0.0,0.0,0.3,0.1,0.3,0.5,2014
18,DeAndre Liggins,25,1,0,1.0,1.0,1.0,1.0,0.0,0.0,,1.0,1.0,1.0,1.0,0.0,0.0,,1.0,0.0,1.0,0.0,0.0,0.0,0.0,0.0,2.0,2014
1,Chris Bosh,30,44,44,35.4,7.8,16.9,0.46,1.4,3.8,0.375,6.4,13.1,0.485,0.503,4.1,5.3,0.772,1.0,6.0,7.0,2.2,0.9,0.6,2.2,1.6,21.1,2015
2,Goran Dragić,28,26,26,34.8,6.2,12.4,0.502,0.9,2.8,0.329,5.3,9.6,0.552,0.539,3.2,4.0,0.808,1.2,2.3,3.4,5.3,1.1,0.2,2.3,2.9,16.6,2015
3,Luol Deng,29,72,72,33.6,5.1,10.9,0.469,1.1,3.1,0.355,4.0,7.9,0.513,0.518,2.7,3.5,0.761,1.4,3.8,5.2,1.9,0.9,0.3,1.5,1.5,14.0,2015
4,Dwyane Wade,33,62,62,31.8,8.2,17.5,0.47,0.5,1.6,0.284,7.7,15.8,0.489,0.483,4.6,6.0,0.768,0.9,2.6,3.5,4.8,1.2,0.3,3.4,1.7,21.5,2015
5,Mario Chalmers,28,80,37,29.6,3.3,8.3,0.403,0.9,3.1,0.294,2.4,5.2,0.467,0.458,2.6,3.3,0.774,0.3,2.3,2.6,3.8,1.5,0.1,2.2,3.1,10.2,2015
6,Henry Walker,27,24,13,26.2,2.4,7.0,0.345,1.9,5.5,0.341,0.5,1.5,0.361,0.479,0.6,0.8,0.778,0.3,3.1,3.4,1.2,1.0,0.4,1.0,3.2,7.3,2015
7,Norris Cole,26,47,23,24.4,2.5,6.5,0.386,0.6,2.2,0.265,1.9,4.3,0.446,0.43,0.7,1.0,0.696,0.3,2.0,2.3,3.5,0.9,0.2,1.2,1.6,6.3,2015
8,Hassan Whiteside,25,48,32,23.8,5.1,8.1,0.628,0.0,0.0,,5.1,8.1,0.628,0.628,1.6,3.3,0.5,3.0,7.0,10.0,0.1,0.6,2.6,1.2,2.7,11.8,2015
9,Michael Beasley,26,24,1,21.0,3.8,8.8,0.434,0.3,1.4,0.235,3.5,7.4,0.472,0.453,0.8,1.1,0.769,0.5,3.2,3.7,1.3,0.6,0.5,1.5,2.8,8.8,2015
10,Shawne Williams,28,44,22,21.0,2.3,5.5,0.425,1.4,3.5,0.395,1.0,2.0,0.477,0.55,0.6,0.8,0.848,0.6,2.5,3.2,0.8,0.5,0.4,0.5,2.6,6.6,2015
11,Danny Granger,31,30,6,20.4,2.2,5.4,0.401,1.0,2.8,0.357,1.2,2.6,0.449,0.494,0.9,1.2,0.757,0.7,2.0,2.7,0.6,0.4,0.2,0.8,2.2,6.3,2015
12,Shabazz Napier,23,51,10,19.8,1.7,4.5,0.382,0.8,2.3,0.364,0.9,2.2,0.4,0.476,0.9,1.1,0.786,0.3,1.9,2.2,2.5,0.8,0.1,1.6,1.5,5.1,2015
13,Chris Andersen,36,60,20,18.9,2.0,3.5,0.58,0.1,0.2,0.308,1.9,3.2,0.598,0.589,1.3,1.9,0.667,1.3,3.7,5.0,0.7,0.4,1.0,0.7,1.5,5.3,2015
14,Tyler Johnson,22,32,2,18.8,2.2,5.2,0.419,0.6,1.5,0.375,1.6,3.7,0.437,0.473,1.0,1.5,0.681,0.4,2.1,2.5,1.3,1.0,0.3,0.9,1.3,5.9,2015
15,Shannon Brown,29,5,2,17.8,1.4,3.8,0.368,0.6,1.4,0.429,0.8,2.4,0.333,0.447,0.6,0.8,0.75,0.0,0.2,0.2,0.6,0.8,0.0,0.8,1.6,4.0,2015
16,Josh McRoberts,27,17,4,17.4,1.6,3.1,0.528,0.5,1.1,0.421,1.2,2.0,0.588,0.604,0.5,0.8,0.615,0.4,2.2,2.6,1.9,0.7,0.2,1.3,2.4,4.2,2015
17,James Ennis III,24,62,3,17.0,1.6,4.0,0.409,0.5,1.5,0.326,1.1,2.5,0.461,0.472,1.3,1.5,0.84,0.8,2.0,2.8,0.8,0.4,0.3,0.6,1.4,5.0,2015
18,Udonis Haslem,34,62,25,16.0,1.7,3.9,0.448,0.0,0.2,0.2,1.7,3.7,0.459,0.452,0.7,1.0,0.703,1.1,3.0,4.2,0.7,0.3,0.2,0.7,1.8,4.2,2015
19,Justin Hamilton,24,24,5,12.0,1.1,2.7,0.415,0.3,0.8,0.316,0.9,1.9,0.457,0.462,0.3,0.3,0.857,1.0,1.0,2.0,0.5,0.3,0.2,0.3,1.4,2.8,2015
20,Zoran Dragić,25,10,1,6.2,0.9,2.2,0.409,0.3,0.9,0.333,0.6,1.3,0.462,0.477,0.1,0.2,0.5,0.3,0.2,0.5,0.4,0.2,0.0,0.5,0.5,2.2,2015
21,Andre Dawkins,23,4,0,5.5,0.3,1.5,0.167,0.3,1.5,0.167,0.0,0.0,,0.25,0.0,0.0,,0.0,0.5,0.5,0.3,0.0,0.0,0.3,0.8,0.8,2015
1,Chris Bosh,31,53,53,33.5,6.8,14.5,0.467,1.5,4.2,0.365,5.2,10.3,0.508,0.52,4.0,5.1,0.795,0.9,6.5,7.4,2.4,0.7,0.6,1.5,1.9,19.1,2016
2,Goran Dragić,29,72,72,32.8,5.8,12.2,0.477,0.9,2.8,0.312,4.9,9.3,0.527,0.513,1.7,2.3,0.727,0.8,3.1,3.8,5.8,1.0,0.2,2.6,2.6,14.1,2016
3,Luol Deng,30,74,73,32.4,4.6,10.1,0.455,1.2,3.5,0.344,3.4,6.6,0.513,0.514,2.0,2.6,0.755,1.5,4.5,6.0,1.9,1.0,0.4,1.1,1.6,12.3,2016
4,Joe Johnson,34,24,24,32.0,5.4,10.5,0.518,1.5,3.5,0.417,4.0,7.0,0.569,0.588,1.1,1.4,0.765,0.6,2.2,2.8,3.6,0.9,0.1,1.8,1.9,13.4,2016
5,Dwyane Wade,34,74,73,30.5,7.3,16.0,0.456,0.1,0.6,0.159,7.2,15.4,0.468,0.459,4.4,5.5,0.793,1.1,3.0,4.1,4.6,1.1,0.6,2.7,1.6,19.0,2016
6,Hassan Whiteside,26,73,43,29.1,5.7,9.3,0.606,0.0,0.0,,5.7,9.3,0.606,0.606,2.9,4.5,0.65,3.3,8.6,11.8,0.4,0.6,3.7,1.9,2.8,14.2,2016
7,Justise Winslow,19,78,8,28.6,2.5,5.9,0.422,0.4,1.5,0.276,2.1,4.4,0.471,0.457,1.0,1.5,0.684,1.0,4.1,5.2,1.5,0.9,0.3,1.2,2.4,6.4,2016
8,Tyler Johnson,23,36,5,24.0,3.3,6.8,0.486,0.8,2.0,0.38,2.5,4.8,0.529,0.541,1.4,1.8,0.797,0.8,2.3,3.0,2.2,0.7,0.4,1.3,1.8,8.7,2016
9,Gerald Green,30,69,14,22.6,3.3,8.5,0.392,1.2,3.8,0.323,2.1,4.7,0.446,0.463,1.0,1.3,0.783,0.4,2.0,2.4,0.8,0.6,0.3,0.7,1.8,8.9,2016
10,Josh Richardson,22,52,2,21.3,2.4,5.2,0.452,1.0,2.2,0.461,1.3,3.0,0.446,0.55,0.8,1.2,0.667,0.4,1.7,2.1,1.4,0.7,0.5,0.7,2.1,6.6,2016
11,Mario Chalmers,29,6,0,20.0,1.7,5.3,0.313,0.2,1.8,0.091,1.5,3.5,0.429,0.328,2.0,2.2,0.923,0.2,2.2,2.3,3.2,1.3,0.2,1.5,2.7,5.5,2016
12,Beno Udrih,33,36,5,16.3,1.8,4.2,0.434,0.3,0.9,0.333,1.5,3.3,0.462,0.47,0.4,0.5,0.882,0.2,1.6,1.8,2.5,0.3,0.0,1.2,1.1,4.4,2016
13,Amar'e Stoudemire,33,52,36,14.7,2.4,4.3,0.566,0.0,0.0,,2.4,4.3,0.566,0.566,1.0,1.3,0.746,1.3,3.0,4.3,0.5,0.3,0.8,0.9,1.8,5.8,2016
14,Josh McRoberts,28,42,1,14.2,1.3,3.5,0.372,0.3,1.2,0.245,1.0,2.4,0.434,0.412,0.7,1.0,0.7,0.5,2.0,2.5,1.9,0.4,0.2,0.7,1.6,3.6,2016
15,Udonis Haslem,35,37,0,7.0,0.6,1.6,0.377,0.0,0.2,0.111,0.6,1.4,0.423,0.385,0.3,0.4,0.75,0.3,1.8,2.0,0.4,0.1,0.1,0.1,0.7,1.6,2016
16,Chris Andersen,37,7,1,5.1,0.6,1.4,0.4,0.3,0.7,0.4,0.3,0.7,0.4,0.5,0.4,0.6,0.75,0.4,0.9,1.3,0.4,0.1,0.4,0.3,0.6,1.9,2016
17,Briante Weber,23,1,0,3.0,1.0,1.0,1.0,0.0,0.0,,1.0,1.0,1.0,1.0,0.0,0.0,,0.0,1.0,1.0,1.0,0.0,0.0,0.0,1.0,2.0,2016
18,Jarnell Stokes,22,5,0,2.8,0.6,1.0,0.6,0.0,0.0,,0.6,1.0,0.6,0.6,0.2,0.4,0.5,0.0,0.4,0.4,0.2,0.2,0.0,0.0,0.2,1.4,2016
19,James Ennis III,25,3,0,2.3,0.0,0.0,,0.0,0.0,,0.0,0.0,,,0.0,0.0,,0.0,0.0,0.0,0.3,0.0,0.0,0.0,0.3,0.0,2016
1,Justise Winslow,20,18,15,34.7,4.4,12.5,0.356,0.4,1.9,0.2,4.1,10.6,0.384,0.371,1.6,2.6,0.617,1.3,3.9,5.2,3.7,1.4,0.3,1.8,2.9,10.9,2017
2,Goran Dragić,30,73,73,33.7,7.3,15.4,0.475,1.6,4.0,0.405,5.7,11.4,0.499,0.527,4.1,5.2,0.79,0.8,3.0,3.8,5.8,1.2,0.2,2.9,2.7,20.3,2017
3,Hassan Whiteside,27,77,77,32.6,7.0,12.6,0.557,0.0,0.0,,7.0,12.6,0.557,0.557,2.9,4.6,0.628,3.8,10.3,14.1,0.7,0.7,2.1,2.0,2.9,17.0,2017
4,Josh Richardson,23,53,34,30.5,3.8,9.7,0.394,1.4,4.3,0.33,2.4,5.4,0.444,0.467,1.1,1.5,0.779,0.7,2.5,3.2,2.6,1.1,0.7,1.2,2.5,10.2,2017
5,Dion Waiters,25,46,43,30.1,6.1,14.4,0.424,1.8,4.7,0.395,4.3,9.7,0.438,0.488,1.8,2.8,0.646,0.4,2.9,3.3,4.3,0.9,0.4,2.2,2.1,15.8,2017
6,Tyler Johnson,24,73,0,29.8,4.9,11.3,0.433,1.3,3.4,0.372,3.6,7.9,0.46,0.49,2.7,3.5,0.768,0.7,3.3,4.0,3.2,1.2,0.6,1.2,2.4,13.7,2017
7,James Johnson,29,76,5,27.4,4.8,10.1,0.479,1.1,3.4,0.34,3.7,6.8,0.548,0.535,2.0,2.8,0.707,0.9,4.1,4.9,3.6,1.0,1.1,2.3,2.6,12.8,2017
8,Rodney McGruder,25,78,65,25.2,2.4,5.9,0.413,0.9,2.8,0.332,1.5,3.1,0.488,0.492,0.6,0.9,0.62,1.2,2.1,3.3,1.6,0.6,0.2,0.7,1.8,6.4,2017
9,Wayne Ellington,29,62,13,24.2,3.7,9.0,0.416,2.4,6.4,0.378,1.3,2.6,0.509,0.55,0.6,0.7,0.86,0.3,1.8,2.1,1.1,0.6,0.1,0.5,1.1,10.5,2017
10,Josh McRoberts,29,22,14,17.3,2.0,5.4,0.373,0.6,1.4,0.419,1.4,4.0,0.356,0.428,0.3,0.4,0.667,1.0,2.3,3.4,2.3,0.5,0.2,1.0,1.4,4.9,2017
11,Luke Babbitt,27,68,55,15.7,1.7,4.1,0.402,1.3,3.1,0.414,0.4,1.0,0.366,0.557,0.2,0.2,0.733,0.2,1.9,2.1,0.5,0.3,0.2,0.4,1.7,4.8,2017
12,Derrick Williams,25,25,11,15.1,2.2,5.5,0.394,0.4,1.8,0.2,1.8,3.7,0.489,0.427,1.2,2.0,0.62,0.6,2.3,2.9,0.6,0.4,0.2,0.6,1.3,5.9,2017
13,Willie Reed,26,71,5,14.5,2.3,4.0,0.568,0.0,0.1,0.25,2.3,4.0,0.573,0.57,0.7,1.2,0.557,1.8,2.9,4.7,0.4,0.3,0.7,0.4,1.9,5.3,2017
14,Okaro White,24,35,0,13.5,0.9,2.5,0.379,0.3,1.0,0.353,0.6,1.5,0.396,0.448,0.6,0.6,0.909,0.7,1.6,2.3,0.6,0.3,0.3,0.5,1.5,2.8,2017
15,Udonis Haslem,36,16,0,8.1,0.7,1.4,0.478,0.0,0.2,0.0,0.7,1.3,0.55,0.478,0.6,0.9,0.6,0.5,1.8,2.3,0.4,0.4,0.1,0.5,1.4,1.9,2017
1,Josh Richardson,24,81,81,33.2,4.9,10.9,0.451,1.6,4.1,0.378,3.4,6.8,0.495,0.523,1.5,1.8,0.845,0.9,2.7,3.5,2.9,1.5,0.9,1.7,2.5,12.9,2018
2,Goran Dragić,31,75,75,31.7,6.5,14.3,0.45,1.5,4.0,0.37,5.0,10.3,0.481,0.502,2.9,3.6,0.801,0.7,3.4,4.1,4.8,0.8,0.2,2.2,2.4,17.3,2018
3,Dion Waiters,26,30,30,30.6,5.4,13.7,0.398,1.7,5.7,0.306,3.7,8.0,0.463,0.461,1.7,2.3,0.739,0.3,2.3,2.6,3.8,0.8,0.3,2.3,2.0,14.3,2018
4,Tyler Johnson,25,72,39,28.5,4.3,9.9,0.435,1.7,4.5,0.367,2.6,5.4,0.491,0.518,1.5,1.8,0.822,0.5,3.0,3.4,2.3,0.8,0.5,1.1,2.1,11.7,2018
5,James Johnson,30,73,41,26.6,4.2,8.4,0.503,0.8,2.5,0.308,3.5,5.9,0.587,0.55,1.5,2.2,0.698,0.8,4.1,4.9,3.8,1.0,0.7,1.9,2.6,10.8,2018
6,Wayne Ellington,30,77,2,26.5,3.7,9.1,0.407,2.9,7.5,0.392,0.8,1.6,0.479,0.569,0.9,1.0,0.859,0.3,2.5,2.8,1.0,0.7,0.1,0.7,1.2,11.2,2018
7,Hassan Whiteside,28,54,54,25.3,5.8,10.7,0.54,0.0,0.0,1.0,5.7,10.7,0.538,0.542,2.4,3.4,0.703,3.2,8.2,11.4,1.0,0.7,1.7,1.7,2.4,14.0,2018
8,Justise Winslow,21,68,25,24.7,3.0,7.2,0.424,0.7,1.9,0.38,2.3,5.3,0.44,0.474,1.0,1.5,0.635,0.9,4.5,5.4,2.2,0.8,0.5,1.1,2.1,7.8,2018
9,Kelly Olynyk,26,76,22,23.4,4.2,8.4,0.497,1.4,3.7,0.379,2.8,4.7,0.59,0.58,1.8,2.3,0.77,1.2,4.5,5.7,2.7,0.8,0.5,1.9,2.9,11.5,2018
10,Dwyane Wade,36,21,0,22.2,4.8,11.8,0.409,0.4,2.0,0.22,4.4,9.8,0.447,0.427,2.0,2.6,0.745,0.5,2.9,3.4,3.1,0.9,0.7,2.3,1.9,12.0,2018
11,Bam Adebayo,20,69,19,19.8,2.5,4.9,0.512,0.0,0.1,0.0,2.5,4.8,0.523,0.512,1.9,2.6,0.721,1.7,3.8,5.5,1.5,0.5,0.6,1.0,2.0,6.9,2018
12,Rodney McGruder,26,18,2,16.6,2.0,4.1,0.493,0.8,1.9,0.429,1.2,2.1,0.553,0.596,0.2,0.4,0.5,0.6,1.2,1.8,0.9,0.4,0.2,0.2,1.2,5.1,2018
13,Derrick Jones Jr.,20,14,8,15.1,1.4,3.5,0.388,0.2,1.1,0.188,1.1,2.4,0.485,0.418,0.8,1.3,0.611,1.4,1.1,2.4,0.4,0.2,0.6,0.4,1.6,3.7,2018
14,Okaro White,25,6,4,13.3,1.2,2.7,0.438,0.7,1.8,0.364,0.5,0.8,0.6,0.563,0.3,0.5,0.667,0.5,1.3,1.8,0.3,0.2,0.2,0.2,1.0,3.3,2018
15,Jordan Mickey,23,23,3,12.3,1.7,3.6,0.476,0.1,0.7,0.125,1.6,2.9,0.561,0.488,0.6,0.8,0.684,0.8,2.7,3.5,0.4,0.3,0.4,0.8,1.6,4.0,2018
16,Luke Babbitt,28,13,5,11.2,0.8,3.6,0.234,0.8,3.5,0.244,0.0,0.2,0.0,0.351,0.0,0.0,,0.2,1.0,1.2,0.4,0.1,0.2,0.3,0.5,2.5,2018
17,Derrick Walton,22,16,0,9.2,0.5,1.6,0.32,0.4,1.1,0.412,0.1,0.5,0.125,0.46,0.4,0.4,1.0,0.1,0.9,1.0,1.0,0.4,0.2,0.1,0.4,1.8,2018
18,Udonis Haslem,37,14,0,5.1,0.2,1.1,0.2,0.1,0.6,0.125,0.1,0.5,0.286,0.233,0.1,0.1,0.5,0.2,0.5,0.7,0.4,0.0,0.1,0.1,0.2,0.6,2018
19,Matt Williams,24,3,0,3.7,0.7,2.0,0.333,0.3,1.7,0.2,0.3,0.3,1.0,0.417,0.0,0.0,,0.0,0.3,0.3,0.0,0.0,0.0,0.3,0.3,1.7,2018
1,Josh Richardson,25,73,73,34.8,5.8,14.1,0.412,2.2,6.3,0.357,3.5,7.8,0.458,0.492,2.7,3.2,0.861,0.7,2.9,3.6,4.1,1.1,0.5,1.5,2.7,16.6,2019
2,Justise Winslow,22,66,52,29.7,4.9,11.3,0.433,1.5,3.9,0.375,3.5,7.5,0.462,0.497,1.3,2.1,0.628,1.0,4.4,5.4,4.3,1.1,0.3,2.2,2.7,12.6,2019
3,Goran Dragić,32,36,22,27.5,5.0,12.0,0.413,1.6,4.6,0.348,3.4,7.5,0.454,0.479,2.2,2.8,0.782,0.6,2.5,3.1,4.8,0.8,0.1,2.0,2.3,13.7,2019
4,Dwyane Wade,37,72,2,26.2,5.8,13.3,0.433,1.2,3.6,0.33,4.6,9.7,0.472,0.478,2.3,3.2,0.708,1.0,3.0,4.0,4.2,0.8,0.5,2.3,1.6,15.0,2019
5,Dion Waiters,27,44,28,25.9,4.5,10.9,0.414,2.5,6.6,0.377,2.0,4.3,0.471,0.528,0.5,1.0,0.5,0.2,2.5,2.6,2.8,0.7,0.2,1.5,1.6,12.0,2019
6,Tyler Johnson,26,44,10,25.5,3.9,9.1,0.426,1.6,4.6,0.353,2.3,4.5,0.503,0.516,1.4,2.0,0.693,0.4,2.3,2.8,2.5,0.9,0.5,1.4,1.6,10.8,2019
7,Rodney McGruder,27,66,45,23.5,2.8,7.0,0.403,1.2,3.4,0.351,1.6,3.6,0.453,0.489,0.8,1.1,0.722,0.9,2.7,3.6,1.7,0.5,0.2,1.0,1.7,7.6,2019
8,Bam Adebayo,21,82,28,23.3,3.4,5.9,0.576,0.0,0.2,0.2,3.4,5.7,0.588,0.579,2.0,2.8,0.735,2.0,5.3,7.3,2.2,0.9,0.8,1.5,2.5,8.9,2019
9,Hassan Whiteside,29,72,53,23.3,5.4,9.4,0.571,0.0,0.2,0.125,5.4,9.2,0.581,0.572,1.5,3.4,0.449,3.6,7.8,11.3,0.8,0.6,1.9,1.3,2.7,12.3,2019
10,Kelly Olynyk,27,79,36,22.9,3.3,7.1,0.463,1.4,4.0,0.354,1.9,3.1,0.604,0.563,1.9,2.3,0.822,0.9,3.8,4.7,1.8,0.7,0.5,1.4,2.3,10.0,2019
11,Wayne Ellington,31,25,12,21.3,2.8,7.4,0.375,2.3,6.2,0.368,0.5,1.2,0.414,0.53,0.6,0.6,0.875,0.2,1.6,1.9,1.2,1.0,0.1,0.6,1.6,8.4,2019
12,James Johnson,31,55,33,21.2,3.0,6.9,0.433,0.9,2.7,0.336,2.1,4.2,0.496,0.499,0.9,1.3,0.714,0.4,2.8,3.2,2.5,0.6,0.5,1.3,2.1,7.8,2019
13,Derrick Jones Jr.,21,60,14,19.2,2.7,5.4,0.494,0.5,1.5,0.308,2.2,3.9,0.567,0.537,1.2,2.0,0.607,1.6,2.4,4.0,0.6,0.8,0.7,0.7,2.1,7.0,2019
14,Duncan Robinson,24,15,1,10.7,1.2,3.1,0.391,0.7,2.3,0.286,0.5,0.7,0.727,0.5,0.3,0.4,0.667,0.1,1.1,1.3,0.3,0.3,0.0,0.3,0.7,3.3,2019
15,Udonis Haslem,38,10,1,7.4,1.1,3.3,0.333,0.0,1.2,0.0,1.1,2.1,0.524,0.333,0.3,0.4,0.75,0.3,2.4,2.7,0.2,0.0,0.0,0.3,0.9,2.5,2019
16,Yante Maten,22,2,0,6.5,0.5,2.0,0.25,0.0,0.5,0.0,0.5,1.5,0.333,0.25,0.0,0.0,,0.5,1.0,1.5,0.0,0.5,0.0,0.0,0.0,1.0,2019
17,Ryan Anderson,30,10,0,4.4,0.2,0.9,0.222,0.2,0.6,0.333,0.0,0.3,0.0,0.333,0.1,0.2,0.5,0.4,0.5,0.9,0.2,0.1,0.0,0.2,0.2,0.7,2019
18,Emanuel Terry,22,1,0,3.0,0.0,1.0,0.0,0.0,0.0,,0.0,1.0,0.0,0.0,1.0,2.0,0.5,1.0,0.0,1.0,1.0,0.0,0.0,0.0,0.0,1.0,2019
1,Jimmy Butler,30,58,58,33.8,5.9,13.1,0.455,0.5,2.1,0.244,5.4,11.0,0.495,0.474,7.6,9.1,0.834,1.8,4.8,6.7,6.0,1.8,0.6,2.2,1.4,19.9,2020
2,Bam Adebayo,22,72,72,33.6,6.1,11.0,0.557,0.0,0.2,0.143,6.1,10.8,0.564,0.558,3.7,5.3,0.691,2.4,7.8,10.2,5.1,1.1,1.3,2.8,2.5,15.9,2020
3,Justise Winslow,23,11,5,32.0,4.5,11.7,0.388,0.5,2.5,0.222,4.0,9.3,0.431,0.411,1.6,2.5,0.667,1.5,5.2,6.6,4.0,0.6,0.5,2.2,3.5,11.3,2020
4,Duncan Robinson,25,73,68,29.7,4.4,9.4,0.47,3.7,8.3,0.446,0.7,1.1,0.654,0.667,0.9,1.0,0.931,0.1,3.0,3.2,1.4,0.5,0.3,1.0,2.6,13.5,2020
5,Kendrick Nunn,24,67,67,29.3,6.0,13.6,0.439,2.0,5.8,0.35,3.9,7.8,0.505,0.514,1.3,1.5,0.85,0.3,2.4,2.7,3.3,0.8,0.2,1.7,2.3,15.3,2020
6,Goran Dragić,33,59,3,28.2,5.4,12.3,0.441,2.1,5.7,0.367,3.3,6.5,0.505,0.526,3.2,4.2,0.776,0.5,2.7,3.2,5.1,0.7,0.2,2.4,2.1,16.2,2020
7,Jae Crowder,29,20,8,27.7,4.0,8.2,0.482,2.9,6.4,0.445,1.1,1.8,0.611,0.655,1.1,1.5,0.733,0.6,4.8,5.4,1.8,1.3,0.5,0.8,2.9,11.9,2020
8,Tyler Herro,20,55,8,27.4,4.9,11.5,0.428,2.1,5.4,0.389,2.8,6.1,0.462,0.52,1.6,1.8,0.87,0.3,3.8,4.1,2.2,0.6,0.2,1.6,1.4,13.5,2020
9,Derrick Jones Jr.,22,59,16,23.3,3.1,5.9,0.527,0.6,2.2,0.28,2.5,3.7,0.677,0.58,1.6,2.1,0.772,1.1,2.8,3.9,1.1,1.0,0.6,0.5,2.2,8.5,2020
10,Meyers Leonard,27,51,49,20.3,2.3,4.6,0.509,1.0,2.5,0.414,1.3,2.1,0.623,0.622,0.4,0.5,0.643,0.6,4.5,5.1,1.1,0.3,0.3,0.8,2.1,6.1,2020
11,Andre Iguodala,36,21,0,19.9,1.8,4.2,0.432,0.7,2.2,0.298,1.1,2.0,0.585,0.511,0.3,0.7,0.4,0.8,2.9,3.7,2.4,0.7,1.0,1.2,1.7,4.6,2020
12,Kelly Olynyk,28,67,9,19.4,2.7,5.9,0.462,1.4,3.5,0.406,1.3,2.4,0.543,0.582,1.3,1.5,0.86,0.7,3.9,4.6,1.7,0.7,0.3,1.1,2.6,8.2,2020
13,Solomon Hill,28,11,1,17.0,1.3,4.1,0.311,0.6,2.2,0.292,0.6,1.9,0.333,0.389,1.3,1.5,0.875,0.5,1.5,1.9,0.9,1.1,0.5,1.0,1.1,4.5,2020
14,James Johnson,32,18,0,15.6,2.2,4.8,0.448,0.9,2.5,0.356,1.3,2.3,0.548,0.54,0.4,0.8,0.571,0.4,2.4,2.9,1.2,0.3,0.7,0.8,1.9,5.7,2020
15,Dion Waiters,28,3,0,14.0,3.3,8.7,0.385,2.7,5.7,0.471,0.7,3.0,0.222,0.538,0.0,0.3,0.0,0.0,3.7,3.7,1.0,0.0,0.7,1.0,1.7,9.3,2020
16,Udonis Haslem,39,4,1,11.0,1.0,2.8,0.364,0.3,0.8,0.333,0.8,2.0,0.375,0.409,0.8,1.0,0.75,0.3,3.8,4.0,0.3,0.0,0.0,0.3,1.5,3.0,2020
17,Gabe Vincent,23,9,0,9.2,0.9,4.1,0.216,0.7,3.0,0.222,0.2,1.1,0.2,0.297,0.0,0.0,,0.0,0.6,0.6,0.7,0.6,0.0,0.1,0.7,2.4,2020
18,Chris Silva,23,44,0,7.9,1.1,1.8,0.615,0.0,0.1,0.0,1.1,1.7,0.64,0.615,0.8,1.3,0.673,1.4,1.5,2.9,0.5,0.2,0.5,0.7,1.9,3.0,2020
19,Kyle Alexander,23,2,0,6.5,0.5,1.0,0.5,0.0,0.0,,0.5,1.0,0.5,0.5,0.0,0.0,,1.0,0.5,1.5,0.0,0.0,0.0,0.5,0.5,1.0,2020
20,KZ Okpala,20,5,0,5.2,0.6,1.0,0.6,0.0,0.2,0.0,0.6,0.8,0.75,0.6,0.2,0.4,0.5,0.2,0.8,1.0,0.2,0.4,0.2,0.2,0.4,1.4,2020
21,Daryl Macon,24,4,0,3.5,0.3,0.8,0.333,0.3,0.5,0.5,0.0,0.3,0.0,0.5,0.0,0.0,,0.0,0.0,0.0,0.3,0.0,0.0,0.5,0.3,0.8,2020
